,Aroma,Appearance,Flavor,Mouthfeel,Overall
0,0.2910855063674966,0.2329762145407977,0.20124317768344624,0.26024703967316715,0.0
1,0.530178427197298,0.5076078354586321,0.47018870695352083,0.5393393904027268,0.0
2,0.7860653723273536,0.7201878703476158,0.7411526173507015,0.739099222620325,0.0
